{"stats":{"minecraft:crafted":{"minecraft:crafting_table":1,"minecraft:spruce_planks":16,"minecraft:stick":8,"minecraft:wooden_axe":1},"minecraft:used":{"minecraft:dirt":1,"minecraft:crafting_table":1,"marbledsarsenal:police_baton":7},"minecraft:custom":{"minecraft:time_since_rest":0,"minecraft:deaths":1,"minecraft:play_time":3390,"minecraft:sprint_one_cm":4965,"minecraft:damage_taken":173,"minecraft:walk_one_cm":11322,"minecraft:mob_kills":3,"minecraft:drop":1,"minecraft:jump":25,"minecraft:damage_dealt":240,"minecraft:leave_game":1,"minecraft:time_since_death":0,"minecraft:total_world_time":3390,"minecraft:interact_with_crafting_table":3,"minecraft:fall_one_cm":418,"minecraft:fly_one_cm":2579},"minecraft:dropped":{"projectvibrantjourneys:light_brown_bark_mushroom":1},"minecraft:mined":{"minecraft:grass_block":1,"minecraft:spruce_log":4},"minecraft:killed_by":{"minecraft:zombie":1},"minecraft:picked_up":{"projectvibrantjourneys:light_brown_bark_mushroom":1,"minecraft:spruce_log":4,"minecraft:mutton":5,"minecraft:dirt":1,"minecraft:white_wool":3},"minecraft:killed":{"minecraft:sheep":3}},"DataVersion":3465}