{"stats":{"minecraft:crafted":{"minecraft:crafting_table":1,"minecraft:spruce_planks":24,"minecraft:stick":12,"minecraft:wooden_axe":1},"minecraft:killed":{"minecraft:sheep":3},"minecraft:killed_by":{"minecraft:zombie":1},"minecraft:mined":{"minecraft:grass_block":1,"minecraft:spruce_log":7},"minecraft:picked_up":{"projectvibrantjourneys:light_brown_bark_mushroom":2,"minecraft:spruce_log":7,"minecraft:mutton":5,"minecraft:dirt":1,"minecraft:white_wool":3},"minecraft:custom":{"minecraft:time_since_rest":1881,"minecraft:crouch_one_cm":8,"minecraft:damage_taken":498,"minecraft:sprint_one_cm":15956,"minecraft:play_time":7843,"minecraft:deaths":2,"minecraft:walk_one_cm":18240,"minecraft:sneak_time":2,"minecraft:mob_kills":3,"minecraft:drop":2,"minecraft:jump":79,"minecraft:damage_dealt":240,"minecraft:leave_game":1,"minecraft:time_since_death":1841,"minecraft:total_world_time":7843,"minecraft:interact_with_crafting_table":3,"minecraft:fall_one_cm":2047,"minecraft:fly_one_cm":17851},"minecraft:used":{"minecraft:dirt":1,"minecraft:crafting_table":1,"minecraft:spruce_planks":4,"marbledsarsenal:police_baton":7},"minecraft:dropped":{"projectvibrantjourneys:light_brown_bark_mushroom":2}},"DataVersion":3465}